CustomerID,Recency,Frequency,Monetary,R_Score,F_Score,M_Score,RFM_Score,Segment
12346.0,326,1,77183.6,1,1,5,115,Hibernating
12347.0,3,7,4310.0,5,5,5,555,Champions
12348.0,76,4,1797.24,2,4,4,244,Loyal Customers
12349.0,19,1,1757.55,4,1,4,414,Promising
12350.0,311,1,334.4,1,1,2,112,Hibernating
12352.0,37,8,2506.04,3,5,4,354,Loyal Customers
12353.0,205,1,89.0,1,1,1,111,Hibernating
12354.0,233,1,1079.4,1,1,3,113,Hibernating
12355.0,215,1,459.4,1,1,2,112,Hibernating
12356.0,23,3,2811.43,4,3,5,435,Potential Loyalists
12357.0,34,1,6207.67,3,1,5,315,Big Spenders
12358.0,2,2,1168.06,5,2,4,524,Others
12359.0,58,4,6310.03,3,4,5,345,Loyal Customers
12360.0,53,3,2662.06,3,3,5,335,Big Spenders
12361.0,288,1,189.9,1,1,1,111,Hibernating
12362.0,4,10,5226.23,5,5,5,555,Champions
12363.0,110,2,552.0,2,2,2,222,Others
12364.0,8,4,1313.1,5,4,4,544,Champions
12365.0,292,2,641.38,1,2,3,123,Others
12367.0,5,1,168.9,5,1,1,511,New Customers
12370.0,52,4,3541.94,3,4,5,345,Loyal Customers
12371.0,45,2,1887.96,3,2,4,324,Others
12372.0,72,3,1298.04,3,3,4,334,Others
12373.0,312,1,364.6,1,1,2,112,Hibernating
12374.0,26,1,742.93,4,1,3,413,Potential Loyalists
12375.0,11,2,457.5,5,2,2,522,Others
12377.0,316,2,1628.12,1,2,4,124,Others
12378.0,130,1,4008.62,2,1,5,215,Needs Attention
12379.0,82,2,852.24,2,2,3,223,Others
12380.0,22,4,2724.81,4,4,5,445,Champions
12381.0,5,5,1845.31,5,4,4,544,Champions
12383.0,185,5,1850.56,1,4,4,144,Loyal Customers
12384.0,29,2,585.27,4,2,2,422,Others
12386.0,338,2,401.9,1,2,2,122,Others
12388.0,16,6,2780.66,4,5,5,455,Champions
12390.0,80,1,549.84,2,1,2,212,Needs Attention
12391.0,22,1,439.66,4,1,2,412,Promising
12393.0,73,4,1582.6,3,4,4,344,Loyal Customers
12394.0,64,2,1272.48,3,2,4,324,Others
12395.0,20,12,3018.63,4,5,5,455,Champions
12397.0,36,2,2409.9,3,2,4,324,Others
12398.0,46,1,1635.66,3,1,4,314,Others
12399.0,120,4,1108.65,2,4,4,244,Loyal Customers
12401.0,304,1,84.3,1,1,1,111,Hibernating
12402.0,324,1,225.6,1,1,1,111,Hibernating
12403.0,50,1,427.7,3,1,2,312,Others
12405.0,149,1,1710.39,2,1,4,214,Needs Attention
12406.0,23,2,3415.3,4,2,5,425,Big Spenders
12407.0,50,5,1708.12,3,4,4,344,Loyal Customers
12408.0,33,5,2888.55,3,4,5,345,Loyal Customers
12409.0,79,3,11072.67,2,3,5,235,At Risk
12410.0,309,2,693.33,1,2,3,123,Others
12412.0,75,3,1226.88,2,3,4,234,At Risk
12413.0,67,3,758.1,3,3,3,333,Others
12414.0,218,3,562.41,1,3,2,132,Others
12415.0,25,21,124914.53,4,5,5,455,Champions
12417.0,4,9,3649.1,5,5,5,555,Champions
12418.0,113,1,668.58,2,1,3,213,Needs Attention
12420.0,64,1,600.39,3,1,3,313,Others
12421.0,16,4,807.04,4,4,3,443,Loyal Customers
12422.0,96,3,803.56,2,3,3,233,At Risk
12423.0,1,8,1859.31,5,5,4,554,Champions
12424.0,163,2,1760.96,2,2,4,224,Others
12425.0,79,1,777.2,2,1,3,213,Needs Attention
12426.0,195,1,582.73,1,1,2,112,Hibernating
12427.0,22,3,825.8,4,3,3,433,Potential Loyalists
12428.0,26,9,7956.46,4,5,5,455,Champions
12429.0,10,4,3750.4,5,4,5,545,Champions
12430.0,44,1,256.4,3,1,1,311,Others
12431.0,36,15,6419.95,3,5,5,355,Loyal Customers
12432.0,43,5,5059.32,3,4,5,345,Loyal Customers
12433.0,1,7,13375.87,5,5,5,555,Champions
12434.0,85,2,806.14,2,2,3,223,Others
12435.0,80,2,7829.89,2,2,5,225,Others
12436.0,100,1,509.01,2,1,2,212,Needs Attention
12437.0,2,18,4951.41,5,5,5,555,Champions
12438.0,15,2,2906.85,4,2,5,425,Big Spenders
12441.0,367,1,173.55,1,1,1,111,Hibernating
12442.0,4,1,172.06,5,1,1,511,New Customers
12444.0,22,5,5005.46,4,4,5,445,Champions
12445.0,23,1,133.4,4,1,1,411,Promising
12446.0,58,1,1002.31,3,1,3,313,Others
12447.0,244,1,476.49,1,1,2,112,Hibernating
12448.0,45,1,449.45,3,1,2,312,Others
12449.0,23,4,4067.29,4,4,5,445,Champions
12450.0,157,2,197.88,2,2,1,221,Others
12451.0,11,5,9035.52,5,4,5,545,Champions
12452.0,17,2,430.57,4,2,2,422,Others
12453.0,135,1,707.09,2,1,3,213,Needs Attention
12454.0,57,1,3528.34,3,1,5,315,Big Spenders
12455.0,74,6,2466.86,2,5,4,254,Loyal Customers
12456.0,45,3,3181.04,3,3,5,335,Big Spenders
12457.0,67,7,2363.23,3,5,4,354,Loyal Customers
12458.0,72,2,947.4,3,2,3,323,Others
12461.0,95,2,826.88,2,2,3,223,Others
12462.0,19,2,1189.59,4,2,4,424,Others
12463.0,54,4,1344.78,3,4,4,344,Loyal Customers
12464.0,11,8,1212.05,5,5,4,554,Champions
12465.0,18,2,742.19,4,2,3,423,Potential Loyalists
12468.0,188,2,729.54,1,2,3,123,Others
12471.0,3,30,19788.65,5,5,5,555,Champions
12472.0,33,7,6572.11,3,5,5,355,Loyal Customers
12473.0,30,5,3928.05,4,4,5,445,Champions
12474.0,18,18,7324.09,4,5,5,455,Champions
12475.0,54,1,723.38,3,1,3,313,Others
12476.0,16,11,6816.42,4,5,5,455,Champions
12477.0,23,6,13219.74,4,5,5,455,Champions
12478.0,4,1,680.99,5,1,3,513,Potential Loyalists
12479.0,12,1,527.2,5,1,2,512,New Customers
12480.0,29,4,3281.63,4,4,5,445,Champions
12481.0,23,10,5579.82,4,5,5,455,Champions
12483.0,18,8,2484.98,4,5,4,454,Champions
12484.0,33,6,4527.32,3,5,5,355,Loyal Customers
12488.0,10,3,1298.66,5,3,4,534,Potential Loyalists
12489.0,337,1,334.93,1,1,2,112,Hibernating
12490.0,6,10,5417.93,5,5,5,555,Champions
12491.0,39,1,460.4,3,1,2,312,Others
12492.0,64,2,263.21,3,2,1,321,Others
12493.0,166,2,433.74,2,2,2,222,Others
12494.0,16,7,1246.1,4,5,4,454,Champions
12497.0,82,1,1043.1,2,1,3,213,Needs Attention
12498.0,22,3,403.7,4,3,2,432,Potential Loyalists
12500.0,24,11,4257.82,4,5,5,455,Champions
12501.0,337,1,2169.39,1,1,4,114,Hibernating
12502.0,96,5,3723.87,2,4,5,245,Loyal Customers
12504.0,19,2,482.05,4,2,2,422,Others
12506.0,233,1,73.5,1,1,1,111,Hibernating
12507.0,135,3,1304.81,2,3,4,234,At Risk
12508.0,27,2,397.88,4,2,2,422,Others
12509.0,285,1,176.5,1,1,1,111,Hibernating
12510.0,143,2,982.57,2,2,3,223,Others
12512.0,67,2,132.18,3,2,1,321,Others
12513.0,113,1,612.29,2,1,3,213,Needs Attention
12514.0,268,1,1017.68,1,1,3,113,Hibernating
12515.0,354,1,383.7,1,1,2,112,Hibernating
12516.0,78,2,1312.06,2,2,4,224,Others
12517.0,29,5,2481.6,4,4,4,444,Champions
12518.0,1,5,2056.89,5,4,4,544,Champions
12519.0,64,1,330.84,3,1,2,312,Others
12520.0,80,5,2634.26,2,4,5,245,Loyal Customers
12521.0,143,1,599.68,2,1,3,213,Needs Attention
12522.0,40,2,192.72,3,2,1,321,Others
12523.0,20,11,1789.77,4,5,4,454,Champions
12524.0,10,8,4485.72,5,5,5,555,Champions
12526.0,1,3,1316.66,5,3,4,534,Potential Loyalists
12527.0,82,3,348.71,2,3,2,232,At Risk
12528.0,10,6,1933.48,5,5,4,554,Champions
12530.0,60,4,1662.28,3,4,4,344,Loyal Customers
12531.0,15,1,125.22,4,1,1,411,Promising
12532.0,31,1,349.83,4,1,2,412,Promising
12534.0,131,1,1089.18,2,1,4,214,Needs Attention
12535.0,92,2,716.35,2,2,3,223,Others
12536.0,44,3,12601.83,3,3,5,335,Big Spenders
12538.0,30,1,363.95,4,1,2,412,Promising
12539.0,23,4,5568.35,4,4,5,445,Champions
12540.0,20,17,13400.24,4,5,5,455,Champions
12541.0,30,3,981.18,4,3,3,433,Potential Loyalists
12544.0,37,1,372.7,3,1,2,312,Others
12545.0,76,2,1000.39,2,2,3,223,Others
12546.0,47,2,1161.5,3,2,4,324,Others
12547.0,198,2,207.8,1,2,1,121,Others
12548.0,167,1,95.2,2,1,1,211,Needs Attention
12550.0,80,1,964.83,2,1,3,213,Needs Attention
12551.0,358,1,168.0,1,1,1,111,Hibernating
12552.0,39,2,437.82,3,2,2,322,Others
12553.0,9,10,3692.28,5,5,5,555,Champions
12556.0,51,2,599.56,3,2,3,323,Others
12557.0,17,5,11990.96,4,4,5,445,Champions
12558.0,8,1,269.96,5,1,1,511,New Customers
12559.0,311,2,561.71,1,2,2,122,Others
12560.0,6,3,2134.01,5,3,4,534,Potential Loyalists
12561.0,303,1,238.85,1,1,1,111,Hibernating
12562.0,9,7,3781.74,5,5,5,555,Champions
12564.0,262,1,456.9,1,1,2,112,Hibernating
12565.0,289,1,145.92,1,1,1,111,Hibernating
12566.0,87,1,351.65,2,1,2,212,Needs Attention
12567.0,23,10,9401.28,4,5,5,455,Champions
12569.0,3,32,4124.69,5,5,5,555,Champions
12571.0,40,2,519.61,3,2,2,322,Others
12572.0,9,2,1020.42,5,2,3,523,Potential Loyalists
12573.0,228,1,160.54,1,1,1,111,Hibernating
12574.0,316,1,218.45,1,1,1,111,Hibernating
12576.0,36,5,1315.83,3,4,4,344,Loyal Customers
12577.0,36,3,626.6,3,3,3,333,Others
12578.0,22,2,2794.51,4,2,5,425,Big Spenders
12579.0,79,1,440.42,2,1,2,212,Needs Attention
12580.0,247,1,415.7,1,1,2,112,Hibernating
12581.0,40,1,197.71,3,1,1,311,Others
12582.0,239,2,511.36,1,2,2,122,Others
12583.0,3,15,7281.38,5,5,5,555,Champions
12584.0,4,9,2338.15,5,5,4,554,Champions
12585.0,235,2,2040.1,1,2,4,124,Others
12586.0,18,1,196.94,4,1,1,411,Promising
12587.0,8,1,144.0,5,1,1,511,New Customers
12588.0,40,1,214.9,3,1,1,311,Others
12589.0,29,2,646.68,4,2,3,423,Potential Loyalists
12590.0,212,2,9864.26,1,2,5,125,Others
12591.0,318,1,452.85,1,1,2,112,Hibernating
12592.0,93,2,437.6,2,2,2,222,Others
12593.0,109,3,418.1,2,3,2,232,At Risk
12594.0,38,10,3338.22,3,5,5,355,Loyal Customers
12596.0,52,2,618.27,3,2,3,323,Others
12597.0,20,4,3811.22,4,4,5,445,Champions
12598.0,10,8,3023.08,5,5,5,555,Champions
12599.0,30,7,1032.58,4,5,3,453,Loyal Customers
12600.0,29,10,2599.04,4,5,4,454,Champions
12601.0,190,5,577.06,1,4,2,142,Cannot Lose Them
12602.0,59,1,153.12,3,1,1,311,Others
12603.0,22,1,739.2,4,1,3,413,Potential Loyalists
12604.0,80,2,254.18,2,2,1,221,Others
12607.0,61,1,1579.51,3,1,4,314,Others
12609.0,79,3,1126.85,2,3,4,234,At Risk
12610.0,23,5,2099.54,4,4,4,444,Champions
12611.0,53,1,1193.32,3,1,4,314,Others
12612.0,75,1,704.04,2,1,3,213,Needs Attention
12613.0,58,5,3344.38,3,4,5,345,Loyal Customers
12614.0,278,1,315.6,1,1,2,112,Hibernating
12615.0,3,4,2291.19,5,4,4,544,Champions
12616.0,96,2,713.3,2,2,3,223,Others
12617.0,30,1,352.98,4,1,2,412,Promising
12618.0,22,1,177.31,4,1,1,411,Promising
12619.0,17,9,3641.24,4,5,5,455,Champions
12620.0,15,3,1339.41,4,3,4,434,Potential Loyalists
12621.0,2,20,13689.67,5,5,5,555,Champions
12622.0,233,1,180.1,1,1,1,111,Hibernating
12623.0,277,1,305.1,1,1,2,112,Hibernating
12624.0,107,2,641.13,2,2,3,223,Others
12625.0,212,2,2683.82,1,2,5,125,Others
12626.0,24,9,6620.48,4,5,5,455,Champions
12627.0,11,7,4478.53,5,5,5,555,Champions
12628.0,5,3,786.46,5,3,3,533,Potential Loyalists
12630.0,10,2,1270.88,5,3,4,534,Potential Loyalists
12631.0,58,1,640.5,3,1,3,313,Others
12633.0,59,4,2163.98,3,4,4,344,Loyal Customers
12635.0,90,2,1689.18,2,3,4,234,At Risk
12637.0,68,8,6002.9,3,5,5,355,Loyal Customers
12638.0,34,1,671.69,3,1,3,313,Others
12639.0,239,1,486.1,1,1,2,112,Hibernating
12640.0,24,3,1174.58,4,3,4,434,Potential Loyalists
12641.0,116,1,185.9,2,1,1,211,Needs Attention
12642.0,26,3,1013.26,4,3,3,433,Potential Loyalists
12643.0,129,6,3344.64,2,5,5,255,Loyal Customers
12644.0,130,1,477.91,2,1,2,212,Needs Attention
12645.0,34,4,1775.18,3,4,4,344,Loyal Customers
12646.0,5,2,1346.97,5,3,4,534,Potential Loyalists
12647.0,23,12,3722.82,4,5,5,455,Champions
12648.0,155,1,318.05,2,1,2,212,Needs Attention
12649.0,108,3,623.51,2,3,3,233,At Risk
12650.0,4,1,314.44,5,1,2,512,New Customers
12651.0,335,1,114.0,1,1,1,111,Hibernating
12652.0,332,1,919.98,1,1,3,113,Hibernating
12653.0,149,2,2209.85,2,3,4,234,At Risk
12654.0,11,5,601.98,5,4,3,543,Loyal Customers
12656.0,18,5,4051.17,4,4,5,445,Champions
12657.0,12,4,1643.18,5,4,4,544,Champions
12658.0,19,1,686.05,4,1,3,413,Potential Loyalists
12659.0,30,1,91.68,4,1,1,411,Promising
12660.0,12,1,245.1,5,1,1,511,New Customers
12662.0,1,11,3849.78,5,5,5,555,Champions
12664.0,9,9,4881.88,5,5,5,555,Champions
12665.0,325,1,63.0,1,1,1,111,Hibernating
12667.0,59,1,620.13,3,1,3,313,Others
12668.0,12,4,3807.15,5,4,5,545,Champions
12669.0,151,3,2744.03,2,3,5,235,At Risk
12670.0,11,5,2996.05,5,4,5,545,Champions
12672.0,330,1,225.9,1,1,1,111,Hibernating
12673.0,6,2,610.52,5,3,3,533,Potential Loyalists
12674.0,39,4,1970.6,3,4,4,344,Loyal Customers
12676.0,25,6,1331.39,4,5,4,454,Champions
12678.0,43,12,17628.46,3,5,5,355,Loyal Customers
12679.0,59,4,1113.02,3,4,4,344,Loyal Customers
12680.0,1,4,862.81,5,4,3,543,Loyal Customers
12681.0,15,22,13787.54,4,5,5,455,Champions
12682.0,4,31,12279.82,5,5,5,555,Champions
12683.0,5,15,8476.57,5,5,5,555,Champions
12684.0,8,7,2283.63,5,5,4,554,Champions
12685.0,29,6,2863.08,4,5,5,455,Champions
12686.0,372,1,89.14,1,1,1,111,Hibernating
12688.0,114,1,4873.81,2,1,5,215,Needs Attention
12689.0,26,2,1247.61,4,3,4,434,Potential Loyalists
12690.0,206,1,389.01,1,1,2,112,Hibernating
12691.0,29,6,1035.8,4,5,3,453,Loyal Customers
12693.0,128,4,855.91,2,4,3,243,Loyal Customers
12694.0,71,2,869.67,3,3,3,333,Others
12695.0,8,4,582.1,5,4,2,542,Others
12697.0,29,3,957.59,4,3,3,433,Potential Loyalists
12700.0,8,4,4939.99,5,4,5,545,Champions
12701.0,80,2,797.71,2,3,3,233,At Risk
12702.0,20,1,219.0,4,1,1,411,Promising
12703.0,72,1,283.55,3,1,1,311,Others
12704.0,8,8,2340.84,5,5,4,554,Champions
12705.0,16,9,6868.29,4,5,5,455,Champions
12707.0,292,1,603.42,1,1,3,113,Hibernating
12708.0,30,10,2712.91,4,5,5,455,Champions
12709.0,16,15,9706.52,4,5,5,455,Champions
12710.0,97,3,1149.02,2,3,4,234,At Risk
12712.0,29,13,4396.13,4,5,5,455,Champions
12713.0,1,1,848.55,5,1,3,513,Potential Loyalists
12714.0,10,5,4708.86,5,4,5,545,Champions
12715.0,107,1,343.36,2,1,2,212,Needs Attention
12716.0,4,2,1053.49,5,3,3,533,Potential Loyalists
12717.0,152,2,1030.98,2,3,3,233,At Risk
12718.0,72,1,238.25,3,1,1,311,Others
12719.0,6,2,644.95,5,3,3,533,Potential Loyalists
12720.0,3,25,5781.73,5,5,5,555,Champions
12721.0,32,6,2656.13,4,5,5,455,Champions
12722.0,86,4,997.63,2,4,3,243,Loyal Customers
12723.0,4,5,725.07,5,4,3,543,Loyal Customers
12724.0,6,4,1031.41,5,4,3,543,Loyal Customers
12725.0,372,1,427.8,1,1,2,112,Hibernating
12726.0,29,7,2609.1,4,5,4,454,Champions
12727.0,11,7,3980.7,5,5,5,555,Champions
12728.0,72,4,836.33,3,4,3,343,Loyal Customers
12729.0,114,1,453.01,2,1,2,212,Needs Attention
12731.0,24,12,18895.91,4,5,5,455,Champions
12732.0,180,1,236.26,1,1,1,111,Hibernating
12733.0,235,1,383.95,1,1,2,112,Hibernating
12734.0,353,1,110.4,1,1,1,111,Hibernating
12735.0,316,2,779.57,1,3,3,133,Others
12736.0,333,1,234.0,1,1,1,111,Hibernating
12738.0,373,1,155.35,1,1,1,111,Hibernating
12739.0,79,2,1013.04,2,3,3,233,At Risk
12740.0,64,1,427.6,3,1,2,312,Others
12743.0,135,2,540.13,2,3,2,232,At Risk
12744.0,52,7,21279.29,3,5,5,355,Loyal Customers
12747.0,3,11,4196.01,5,5,5,555,Champions
12748.0,1,209,33053.19,5,5,5,555,Champions
12749.0,4,5,4090.88,5,4,5,545,Champions
12750.0,129,1,275.88,2,1,1,211,Needs Attention
12752.0,82,1,4366.78,2,1,5,215,Needs Attention
12753.0,23,6,21429.39,4,5,5,455,Champions
12754.0,236,3,3010.74,1,3,5,135,Others
12755.0,281,2,3811.95,1,3,5,135,Others
12756.0,87,1,112.08,2,1,1,211,Needs Attention
12757.0,16,13,7834.65,4,5,5,455,Champions
12758.0,117,2,2791.59,2,3,5,235,At Risk
12759.0,53,3,1531.44,3,3,4,334,Others
12762.0,8,2,1898.52,5,3,4,534,Potential Loyalists
12763.0,139,2,494.08,2,3,2,232,At Risk
12764.0,317,1,1693.88,1,1,4,114,Hibernating
12766.0,4,7,6989.63,5,5,5,555,Champions
12769.0,239,1,1143.6,1,1,4,114,Hibernating
12770.0,211,1,1351.45,1,1,4,114,Hibernating
12772.0,60,1,892.47,3,1,3,313,Others
12775.0,18,5,1386.04,4,4,4,444,Champions
12778.0,20,6,822.23,4,5,3,453,Loyal Customers
12779.0,38,8,3981.36,3,5,5,355,Loyal Customers
12781.0,64,2,826.74,3,3,3,333,Others
12782.0,5,5,2330.92,5,4,4,544,Champions
12783.0,3,6,2225.91,5,5,4,554,Champions
12784.0,10,2,532.82,5,3,2,532,Potential Loyalists
12785.0,365,1,311.95,1,1,2,112,Hibernating
12787.0,10,3,463.66,5,3,2,532,Potential Loyalists
12789.0,66,1,91.85,3,1,1,311,Others
12790.0,193,1,324.92,1,1,2,112,Hibernating
12791.0,374,1,192.6,1,1,1,111,Hibernating
12792.0,257,1,400.54,1,1,2,112,Hibernating
12793.0,335,2,545.48,1,3,2,132,Others
12794.0,54,2,860.41,3,3,3,333,Others
12795.0,19,1,430.48,4,1,2,412,Promising
12797.0,366,1,254.03,1,1,1,111,Hibernating
12798.0,11,3,6977.04,5,3,5,535,Potential Loyalists
12802.0,187,1,427.58,1,1,2,112,Hibernating
12808.0,37,3,483.65,3,3,2,332,Others
12809.0,178,1,489.31,1,1,2,112,Hibernating
12811.0,261,3,514.85,1,3,2,132,Others
12812.0,45,1,229.64,3,1,1,311,Others
12814.0,102,1,125.92,2,1,1,211,Needs Attention
12815.0,148,2,1063.46,2,3,3,233,At Risk
12816.0,96,2,572.2,2,3,2,232,At Risk
12817.0,282,1,166.04,1,1,1,111,Hibernating
12818.0,262,1,1542.08,1,1,4,114,Hibernating
12820.0,4,4,942.34,5,4,3,543,Loyal Customers
12821.0,215,1,92.72,1,1,1,111,Hibernating
12822.0,71,2,948.88,3,3,3,333,Others
12823.0,75,5,1759.5,2,4,4,244,Loyal Customers
12824.0,60,1,397.12,3,1,2,312,Others
12826.0,3,7,1474.72,5,5,4,554,Champions
12827.0,6,3,430.15,5,3,2,532,Potential Loyalists
12828.0,3,6,1018.71,5,5,3,553,Loyal Customers
12829.0,337,2,293.0,1,3,2,132,Others
12830.0,38,6,6814.64,3,5,5,355,Loyal Customers
12831.0,263,1,215.05,1,1,1,111,Hibernating
12832.0,33,2,383.03,3,3,2,332,Others
12833.0,146,1,417.38,2,1,2,212,Needs Attention
12834.0,283,1,312.38,1,1,2,112,Hibernating
12836.0,60,4,2610.36,3,4,5,345,Loyal Customers
12837.0,174,1,134.1,2,1,1,211,Needs Attention
12838.0,34,2,671.95,3,3,3,333,Others
12839.0,3,14,5591.42,5,5,5,555,Champions
12840.0,144,4,2726.77,2,4,5,245,Loyal Customers
12841.0,5,25,3991.58,5,5,5,555,Champions
12842.0,71,2,1118.99,3,3,4,334,Others
12843.0,66,8,1702.26,3,5,4,354,Loyal Customers
12844.0,30,2,325.96,4,3,2,432,Potential Loyalists
12845.0,268,4,354.09,1,4,2,142,Cannot Lose Them
12847.0,23,1,843.64,4,1,3,413,Potential Loyalists
12849.0,32,2,1010.29,4,3,3,433,Potential Loyalists
12851.0,97,1,131.81,2,1,1,211,Needs Attention
12852.0,295,1,311.55,1,1,2,112,Hibernating
12853.0,135,6,1957.1,2,5,4,254,Loyal Customers
12854.0,79,3,1316.25,2,3,4,234,At Risk
12855.0,373,1,38.1,1,1,1,111,Hibernating
12856.0,8,6,2170.78,5,5,4,554,Champions
12857.0,211,2,1106.4,1,3,4,134,Others
12863.0,53,1,521.2,3,1,2,312,Others
12864.0,139,1,147.12,2,1,1,211,Needs Attention
12865.0,27,2,1568.23,4,3,4,434,Potential Loyalists
12866.0,284,1,559.12,1,1,2,112,Hibernating
12867.0,27,7,4009.34,4,5,5,455,Champions
12868.0,186,6,1607.06,1,5,4,154,Loyal Customers
12871.0,85,2,380.64,2,3,2,232,At Risk
12872.0,327,2,599.97,1,3,3,133,Others
12873.0,283,1,374.0,1,1,2,112,Hibernating
12875.0,144,2,343.23,2,3,2,232,At Risk
12876.0,58,2,2218.02,3,3,4,334,Others
12877.0,4,12,1535.77,5,5,4,554,Champions
12878.0,237,2,854.99,1,3,3,133,Others
12879.0,45,3,573.22,3,3,2,332,Others
12881.0,276,1,298.0,1,1,2,112,Hibernating
12882.0,10,2,1463.04,5,3,4,534,Potential Loyalists
12883.0,25,4,703.47,4,4,3,443,Loyal Customers
12884.0,89,1,309.05,2,1,2,212,Needs Attention
12885.0,64,3,1175.22,3,3,4,334,Others
12886.0,68,2,1378.4,3,3,4,334,Others
12888.0,215,2,354.12,1,3,2,132,Others
12890.0,25,1,376.72,4,1,2,412,Promising
12891.0,186,3,331.0,1,3,2,132,Others
12893.0,31,1,176.55,4,1,1,411,Promising
12895.0,43,2,372.8,3,3,2,332,Others
12897.0,205,2,216.5,1,3,1,131,Others
12901.0,9,28,17654.54,5,5,5,555,Champions
12902.0,265,1,138.68,1,1,1,111,Hibernating
12904.0,19,2,496.06,4,3,2,432,Potential Loyalists
12906.0,12,5,2919.81,5,4,5,545,Champions
12908.0,177,2,750.0,1,3,3,133,Others
12909.0,40,5,2178.67,3,4,4,344,Loyal Customers
12910.0,24,8,3075.04,4,5,5,455,Champions
12912.0,3,5,1662.3,5,4,4,544,Champions
12913.0,5,5,2483.63,5,4,4,544,Champions
12915.0,149,2,363.65,2,3,2,232,At Risk
12916.0,139,4,2944.95,2,4,5,245,Loyal Customers
12917.0,129,1,594.0,2,1,3,213,Needs Attention
12919.0,9,6,1335.19,5,5,4,554,Champions
12920.0,18,1,162.78,4,1,1,411,Promising
12921.0,10,37,16587.09,5,5,5,555,Champions
12922.0,162,1,405.38,2,1,2,212,Needs Attention
12923.0,65,1,172.82,3,1,1,311,Others
12924.0,89,4,933.7,2,4,3,243,Loyal Customers
12925.0,5,2,694.05,5,3,3,533,Potential Loyalists
12928.0,36,5,2062.7,3,4,4,344,Loyal Customers
12929.0,312,1,117.85,1,1,1,111,Hibernating
12930.0,79,2,415.8,2,3,2,232,At Risk
12931.0,22,15,42055.96,4,5,5,455,Champions
12933.0,25,3,607.53,4,3,3,433,Potential Loyalists
12935.0,3,7,2160.7,5,5,4,554,Champions
12936.0,18,4,1063.9,4,4,3,443,Loyal Customers
12937.0,16,4,1504.27,4,4,4,444,Champions
12938.0,26,1,114.14,4,1,1,411,Promising
12939.0,65,8,11581.8,3,5,5,355,Loyal Customers
12940.0,55,2,899.69,3,3,3,333,Others
12942.0,132,3,675.6,2,3,3,233,At Risk
12944.0,36,2,604.51,3,3,3,333,Others
12945.0,289,1,462.95,1,1,2,112,Hibernating
12947.0,144,6,1603.99,2,5,4,254,Loyal Customers
12948.0,17,7,2064.95,4,5,4,454,Champions
12949.0,31,8,4167.22,4,5,5,455,Champions
12950.0,3,3,1843.0,5,3,4,534,Potential Loyalists
12951.0,9,6,1064.07,5,5,3,553,Loyal Customers
12952.0,6,4,1387.79,5,4,4,544,Champions
12953.0,10,1,329.85,5,1,2,512,New Customers
12955.0,2,11,4757.16,5,5,5,555,Champions
12956.0,307,1,108.07,1,1,1,111,Hibernating
12957.0,10,8,4017.54,5,5,5,555,Champions
12962.0,8,2,266.39,5,3,1,531,Potential Loyalists
12963.0,9,8,1856.63,5,5,4,554,Champions
12965.0,90,1,769.81,2,1,3,213,Needs Attention
12966.0,10,1,160.18,5,1,1,511,New Customers
12967.0,359,2,1660.9,1,3,4,134,Others
12968.0,113,1,135.95,2,1,1,211,Needs Attention
12970.0,8,4,405.47,5,4,2,542,Others
12971.0,4,86,11189.91,5,5,5,555,Champions
12974.0,198,1,144.8,1,1,1,111,Hibernating
12976.0,212,1,738.6,1,1,3,113,Hibernating
12977.0,157,1,39.24,2,1,1,211,Needs Attention
12980.0,158,9,7374.9,2,5,5,255,Loyal Customers
12981.0,30,2,372.22,4,3,2,432,Potential Loyalists
12982.0,243,1,390.54,1,1,2,112,Hibernating
12984.0,19,1,97.5,4,1,1,411,Promising
12985.0,1,2,1239.38,5,3,4,534,Potential Loyalists
12987.0,74,2,558.7,2,3,2,232,At Risk
12988.0,293,1,505.82,1,1,2,112,Hibernating
12989.0,4,15,6924.11,5,5,5,555,Champions
12990.0,32,3,409.5,4,3,2,432,Potential Loyalists
12991.0,24,2,503.76,4,3,2,432,Potential Loyalists
12993.0,24,4,414.76,4,4,2,442,Others
12994.0,5,3,974.42,5,3,3,533,Potential Loyalists
12995.0,86,1,211.32,2,1,1,211,Needs Attention
12997.0,23,4,1226.89,4,4,4,444,Champions
12999.0,197,3,455.88,1,3,2,132,Others
13000.0,107,3,534.85,2,3,2,232,At Risk
13001.0,5,13,9785.97,5,5,5,555,Champions
13002.0,319,1,120.95,1,1,1,111,Hibernating
13003.0,106,3,149.05,2,3,1,231,At Risk
13004.0,12,18,5655.91,5,5,5,555,Champions
13005.0,174,2,513.7,2,3,2,232,At Risk
13006.0,57,1,81.57,3,1,1,311,Others
13008.0,324,1,229.47,1,1,1,111,Hibernating
13011.0,373,1,50.55,1,1,1,111,Hibernating
13012.0,10,8,1646.84,5,5,4,554,Champions
13013.0,2,13,4810.94,5,5,5,555,Champions
13014.0,11,10,3466.28,5,5,5,555,Champions
13015.0,54,5,3339.64,3,4,5,345,Loyal Customers
13016.0,74,3,789.89,2,3,3,233,At Risk
13017.0,8,1,204.0,5,1,1,511,New Customers
13018.0,17,28,7277.7,4,5,5,455,Champions
13021.0,5,9,2616.38,5,5,5,555,Champions
13023.0,65,2,689.9,3,3,3,333,Others
13026.0,2,5,975.36,5,4,3,543,Loyal Customers
13027.0,114,6,6912.0,2,5,5,255,Loyal Customers
13028.0,23,2,661.32,4,3,3,433,Potential Loyalists
13029.0,31,3,1247.5,4,3,4,434,Potential Loyalists
13030.0,12,2,752.44,5,3,3,533,Potential Loyalists
13032.0,53,2,1010.18,3,3,3,333,Others
13033.0,358,1,190.55,1,1,1,111,Hibernating
13034.0,55,2,642.77,3,3,3,333,Others
13035.0,74,2,921.88,2,3,3,233,At Risk
13037.0,139,3,881.07,2,3,3,233,At Risk
13038.0,81,3,908.46,2,4,3,243,Loyal Customers
13040.0,9,2,676.99,5,3,3,533,Potential Loyalists
13043.0,274,1,516.42,1,1,2,112,Hibernating
13044.0,292,1,560.47,1,1,2,112,Hibernating
13045.0,100,1,305.28,2,1,2,212,Needs Attention
13046.0,31,2,629.31,4,3,3,433,Potential Loyalists
13047.0,32,10,3237.54,4,5,5,455,Champions
13048.0,15,4,1819.41,4,4,4,444,Champions
13049.0,65,2,656.68,3,3,3,333,Others
13050.0,15,17,5836.86,4,5,5,455,Champions
13052.0,213,1,348.15,1,1,2,112,Hibernating
13055.0,79,3,1214.41,2,4,4,244,Loyal Customers
13058.0,25,3,271.4,4,4,1,441,Others
13059.0,250,1,183.4,1,1,1,111,Hibernating
13060.0,254,1,307.53,1,1,2,112,Hibernating
13061.0,73,1,248.61,3,1,1,311,Others
13062.0,192,1,346.98,1,1,2,112,Hibernating
13064.0,13,4,1105.59,5,4,4,544,Champions
13065.0,374,1,205.86,1,1,1,111,Hibernating
13066.0,25,2,470.8,4,3,2,432,Potential Loyalists
13067.0,83,1,115.46,2,1,1,211,Needs Attention
13068.0,11,2,344.0,5,3,2,532,Potential Loyalists
13069.0,1,24,4431.44,5,5,5,555,Champions
13070.0,193,1,228.8,1,1,1,111,Hibernating
13072.0,267,1,177.15,1,1,1,111,Hibernating
13075.0,130,1,919.61,2,1,3,213,Needs Attention
13077.0,2,4,728.02,5,4,3,543,Loyal Customers
13078.0,4,26,12627.94,5,5,5,555,Champions
13079.0,5,5,220.1,5,4,1,541,Others
13080.0,180,1,58.08,1,1,1,111,Hibernating
13081.0,12,11,28337.38,5,5,5,555,Champions
13082.0,127,9,3613.63,2,5,5,255,Loyal Customers
13083.0,5,2,303.75,5,3,2,532,Potential Loyalists
13085.0,158,2,416.08,2,3,2,232,At Risk
13089.0,3,97,58762.08,5,5,5,555,Champions
13090.0,9,14,8910.82,5,5,5,555,Champions
13091.0,29,1,345.82,4,1,2,412,Promising
13092.0,71,5,477.83,3,4,2,342,Others
13093.0,276,8,7832.47,1,5,5,155,Loyal Customers
13094.0,22,12,1927.32,4,5,4,454,Champions
13095.0,71,1,74.4,3,1,1,311,Others
13097.0,33,10,6003.22,3,5,5,355,Loyal Customers
13098.0,2,28,28882.44,5,5,5,555,Champions
13099.0,100,1,207.36,2,1,1,211,Needs Attention
13101.0,235,1,101.19,1,1,1,111,Hibernating
13102.0,2,24,6424.09,5,5,5,555,Champions
13103.0,40,1,243.94,3,1,1,311,Others
13104.0,4,6,1098.48,5,5,4,554,Champions
13106.0,134,1,76.5,2,1,1,211,Needs Attention
13107.0,45,4,1531.62,3,4,4,344,Loyal Customers
13108.0,373,1,350.06,1,1,2,112,Hibernating
13109.0,60,2,786.54,3,3,3,333,Others
13110.0,32,7,1488.67,4,5,4,454,Champions
13113.0,1,24,12245.96,5,5,5,555,Champions
13115.0,12,4,2294.78,5,4,4,544,Champions
13116.0,139,1,501.14,2,1,2,212,Needs Attention
13117.0,22,8,984.91,4,5,3,453,Loyal Customers
13118.0,20,5,1197.81,4,4,4,444,Champions
13120.0,239,1,30.6,1,1,1,111,Hibernating
13121.0,270,1,283.73,1,1,1,111,Hibernating
13122.0,95,2,922.39,2,3,3,233,At Risk
13124.0,90,3,3756.33,2,4,5,245,Loyal Customers
13126.0,5,8,2099.64,5,5,4,554,Champions
13127.0,78,1,259.17,2,1,1,211,Needs Attention
13130.0,95,1,64.0,2,2,1,221,Others
13131.0,24,3,1073.3,4,4,3,443,Loyal Customers
13132.0,262,1,77.3,1,2,1,121,Others
13133.0,274,2,109.8,1,3,1,131,Others
13134.0,86,4,1793.58,2,4,4,244,Loyal Customers
13135.0,197,1,3096.0,1,2,5,125,Others
13136.0,57,5,2607.61,3,4,4,344,Loyal Customers
13137.0,11,8,3603.29,5,5,5,555,Champions
13138.0,23,6,962.39,4,5,3,453,Loyal Customers
13139.0,17,7,5064.94,4,5,5,455,Champions
13140.0,109,3,422.47,2,4,2,242,At Risk
13141.0,85,5,2388.75,2,4,4,244,Loyal Customers
13142.0,20,1,307.09,4,2,2,422,Others
13144.0,333,1,110.95,1,2,1,121,Others
13145.0,40,4,618.52,3,4,3,343,Loyal Customers
13146.0,27,1,228.91,4,2,1,421,Others
13147.0,11,4,712.8,5,4,3,543,Loyal Customers
13148.0,30,12,3683.26,4,5,5,455,Champions
13149.0,15,4,1676.06,4,4,4,444,Champions
13151.0,296,1,1257.87,1,2,4,124,Others
13153.0,6,1,486.22,5,2,2,522,Others
13155.0,34,4,971.76,3,4,3,343,Loyal Customers
13157.0,50,4,1741.22,3,4,4,344,Loyal Customers
13158.0,95,4,1201.06,2,4,4,244,Loyal Customers
13159.0,9,4,1429.35,5,4,4,544,Champions
13160.0,23,1,91.8,4,2,1,421,Others
13161.0,314,1,112.75,1,2,1,121,Others
13162.0,123,4,1688.29,2,4,4,244,Loyal Customers
13165.0,47,2,1021.48,3,3,3,333,Others
13166.0,284,1,417.2,1,2,2,122,Others
13167.0,19,4,791.33,4,4,3,443,Loyal Customers
13168.0,37,4,1299.59,3,4,4,344,Loyal Customers
13169.0,64,2,712.88,3,3,3,333,Others
13170.0,27,1,108.81,4,2,1,421,Others
13171.0,22,3,468.41,4,4,2,442,Others
13173.0,5,2,353.65,5,3,2,532,Potential Loyalists
13174.0,17,3,2742.82,4,4,5,445,Champions
13176.0,47,1,481.49,3,2,2,322,Others
13177.0,65,1,282.45,3,2,1,321,Others
13178.0,27,11,5725.47,4,5,5,455,Champions
13182.0,46,1,121.18,3,2,1,321,Others
13183.0,8,9,3957.78,5,5,5,555,Champions
13184.0,15,10,1668.95,4,5,4,454,Champions
13185.0,268,1,71.4,1,2,1,121,Others
13186.0,40,3,1575.89,3,4,4,344,Loyal Customers
13187.0,338,1,236.02,1,2,1,121,Others
13188.0,12,1,114.6,5,2,1,521,Others
13189.0,19,2,260.68,4,3,1,431,Potential Loyalists
13192.0,96,2,911.94,2,3,3,233,At Risk
13193.0,62,1,112.08,3,2,1,321,Others
13194.0,136,1,60.7,2,2,1,221,Others
13196.0,12,4,1797.78,5,4,4,544,Champions
13198.0,11,6,3401.24,5,5,5,555,Champions
13199.0,4,38,9817.12,5,5,5,555,Champions
13200.0,20,4,870.09,4,4,3,443,Loyal Customers
13203.0,10,4,869.46,5,4,3,543,Loyal Customers
13207.0,16,2,250.26,4,3,1,431,Potential Loyalists
13208.0,59,6,1217.65,3,5,4,354,Loyal Customers
13209.0,31,8,5891.61,4,5,5,455,Champions
13210.0,94,1,353.48,2,2,2,222,Others
13211.0,11,3,1095.42,5,4,4,544,Champions
13212.0,20,3,786.83,4,4,3,443,Loyal Customers
13213.0,57,5,1520.58,3,4,4,344,Loyal Customers
13216.0,268,1,333.74,1,2,2,122,Others
13217.0,123,3,533.98,2,4,2,242,At Risk
13218.0,128,1,62.64,2,2,1,221,Others
13220.0,79,4,819.29,2,4,3,243,Loyal Customers
13221.0,241,2,847.41,1,3,3,133,Others
13223.0,201,2,163.2,1,3,1,131,Others
13224.0,61,2,2155.95,3,3,4,334,Others
13225.0,4,7,6463.84,5,5,5,555,Champions
13226.0,274,1,108.21,1,2,1,121,Others
13227.0,202,1,257.7,1,2,1,121,Others
13228.0,82,1,358.0,2,2,2,222,Others
13229.0,226,1,160.95,1,2,1,121,Others
13230.0,5,14,2755.63,5,5,5,555,Champions
13232.0,13,7,1328.35,5,5,4,554,Champions
13233.0,75,2,605.12,2,3,3,233,At Risk
13235.0,213,1,1031.07,1,2,3,123,Others
13236.0,25,2,744.85,4,3,3,433,Potential Loyalists
13238.0,18,4,700.73,4,4,3,443,Loyal Customers
13239.0,262,1,329.56,1,2,2,122,Others
13240.0,97,4,663.65,2,4,3,243,Loyal Customers
13242.0,113,3,270.4,2,4,1,241,At Risk
13243.0,204,1,585.12,1,2,2,122,Others
13244.0,93,1,121.74,2,2,1,221,Others
13245.0,51,1,430.5,3,2,2,322,Others
13246.0,19,6,1961.52,4,5,4,454,Champions
13247.0,18,4,501.12,4,4,2,442,Others
13248.0,125,2,465.68,2,3,2,232,At Risk
13249.0,93,3,711.41,2,4,3,243,Loyal Customers
13253.0,157,2,1030.4,2,3,3,233,At Risk
13255.0,10,2,399.51,5,3,2,532,Potential Loyalists
13258.0,12,3,672.83,5,4,3,543,Loyal Customers
13259.0,62,1,283.18,3,2,1,321,Others
13260.0,62,1,557.62,3,2,2,322,Others
13261.0,269,2,944.1,1,3,3,133,Others
13262.0,264,1,200.29,1,2,1,121,Others
13263.0,2,35,7436.93,5,5,5,555,Champions
13265.0,54,5,2092.66,3,4,4,344,Loyal Customers
13266.0,12,12,3834.26,5,5,5,555,Champions
13267.0,3,19,4521.49,5,5,5,555,Champions
13268.0,18,11,3174.75,4,5,5,455,Champions
13269.0,2,15,5343.28,5,5,5,555,Champions
13270.0,367,1,590.0,1,2,2,122,Others
13271.0,38,1,211.49,3,2,1,321,Others
13272.0,32,2,276.56,4,3,1,431,Potential Loyalists
13273.0,114,1,138.98,2,2,1,221,Others
13276.0,64,2,590.93,3,3,3,333,Others
13277.0,16,4,258.4,4,4,1,441,Others
13278.0,41,1,542.73,3,2,2,322,Others
13279.0,79,1,137.75,2,2,1,221,Others
13280.0,123,3,798.46,2,4,3,243,Loyal Customers
13282.0,19,3,1132.14,4,4,4,444,Champions
13283.0,60,2,93.66,3,3,1,331,Others
13284.0,331,1,201.19,1,2,1,121,Others
13285.0,24,4,2709.12,4,4,5,445,Champions
13291.0,156,1,361.11,2,2,2,222,Others
13292.0,39,2,578.94,3,3,2,332,Others
13294.0,190,2,873.74,1,3,3,133,Others
13295.0,360,1,201.2,1,2,1,121,Others
13296.0,138,1,87.4,2,2,1,221,Others
13297.0,8,4,2089.85,5,4,4,544,Champions
13298.0,2,1,360.0,5,2,2,522,Others
13299.0,269,1,142.5,1,2,1,121,Others
13300.0,170,1,371.89,2,2,2,222,Others
13301.0,104,4,618.09,2,4,3,243,Loyal Customers
13302.0,156,1,63.75,2,2,1,221,Others
13304.0,352,1,300.42,1,2,2,122,Others
13305.0,5,10,2000.86,5,5,4,554,Champions
13307.0,121,1,15.0,2,2,1,221,Others
13308.0,23,3,1385.51,4,4,4,444,Champions
13309.0,8,5,1456.79,5,4,4,544,Champions
13310.0,29,3,1132.03,4,4,4,444,Champions
13311.0,5,2,598.57,5,3,3,533,Potential Loyalists
13313.0,23,5,1555.32,4,4,4,444,Champions
13314.0,2,3,775.94,5,4,3,543,Loyal Customers
13316.0,38,4,5732.93,3,4,5,345,Loyal Customers
13317.0,67,6,2273.68,3,5,4,354,Loyal Customers
13318.0,2,3,640.76,5,4,3,543,Loyal Customers
13319.0,6,26,10845.55,5,5,5,555,Champions
13320.0,79,4,1532.2,2,4,4,244,Loyal Customers
13321.0,73,2,567.36,3,3,2,332,Others
13322.0,18,1,199.48,4,2,1,421,Others
13323.0,4,5,787.85,5,4,3,543,Loyal Customers
13324.0,37,10,7121.95,3,5,5,355,Loyal Customers
13325.0,82,1,675.3,2,2,3,223,Others
13327.0,39,8,3627.77,3,5,5,355,Loyal Customers
13328.0,317,1,1308.48,1,2,4,124,Others
13329.0,32,2,789.0,4,3,3,433,Potential Loyalists
13330.0,93,3,1140.93,2,4,4,244,Loyal Customers
13332.0,15,1,350.9,4,2,2,422,Others
13334.0,83,3,3502.32,2,4,5,245,Loyal Customers
13336.0,78,1,795.12,2,2,3,223,Others
13338.0,158,1,487.02,2,2,2,222,Others
13339.0,201,1,860.12,1,2,3,123,Others
13340.0,46,7,10736.48,3,5,5,355,Loyal Customers
13341.0,261,1,775.85,1,2,3,123,Others
13343.0,178,1,353.43,1,2,2,122,Others
13344.0,68,3,2511.69,3,4,4,344,Loyal Customers
13345.0,288,1,389.5,1,2,2,122,Others
13347.0,71,1,341.36,3,2,2,322,Others
13348.0,65,1,233.76,3,2,1,321,Others
13349.0,11,1,247.32,5,2,1,521,Others
13350.0,17,2,979.12,4,3,3,433,Potential Loyalists
13351.0,67,1,373.94,3,2,2,322,Others
13352.0,61,1,397.98,3,2,2,322,Others
13354.0,72,1,743.53,3,2,3,323,Others
13355.0,123,1,674.7,2,2,3,223,Others
13356.0,81,1,768.24,2,2,3,223,Others
13357.0,258,1,609.4,1,2,3,123,Others
13358.0,269,1,439.03,1,2,2,122,Others
13359.0,64,1,439.56,3,2,2,322,Others
13362.0,10,4,3090.74,5,4,5,545,Champions
13363.0,18,2,992.5,4,3,3,433,Potential Loyalists
13364.0,72,1,134.96,3,2,1,321,Others
13365.0,34,2,2225.37,3,3,4,334,Others
13366.0,51,1,56.16,3,2,1,321,Others
13368.0,257,2,623.4,1,3,3,133,Others
13369.0,366,1,308.28,1,2,2,122,Others
13370.0,372,1,754.87,1,2,3,123,Others
13372.0,90,1,378.64,2,2,2,222,Others
13373.0,61,3,3312.25,3,4,5,345,Loyal Customers
13375.0,89,1,778.65,2,2,3,223,Others
13376.0,100,3,1019.76,2,4,3,243,Loyal Customers
13379.0,27,3,572.56,4,4,2,442,Others
13381.0,32,6,3639.31,4,5,5,455,Champions
13382.0,281,1,222.99,1,2,1,121,Others
13384.0,31,7,4151.93,4,5,5,455,Champions
13385.0,330,1,534.57,1,2,2,122,Others
13388.0,132,2,677.1,2,3,3,233,At Risk
13389.0,12,3,797.96,5,4,3,543,Loyal Customers
13390.0,75,1,544.08,2,2,2,222,Others
13391.0,204,1,59.8,1,2,1,121,Others
13394.0,2,8,2520.02,5,5,4,554,Champions
13395.0,186,1,307.72,1,2,2,122,Others
13396.0,30,2,1360.99,4,3,4,434,Potential Loyalists
13397.0,73,5,1544.13,3,4,4,344,Loyal Customers
13398.0,193,1,457.34,1,2,2,122,Others
13402.0,128,2,621.23,2,3,3,233,At Risk
13403.0,18,1,75.0,4,2,1,421,Others
13404.0,2,2,252.49,5,3,1,531,Potential Loyalists
13405.0,75,3,572.45,2,4,2,242,At Risk
13408.0,2,62,28117.04,5,5,5,555,Champions
13410.0,25,5,1003.06,4,4,3,443,Loyal Customers
13411.0,108,1,213.55,2,2,1,221,Others
13414.0,134,3,1390.5,2,4,4,244,Loyal Customers
13416.0,44,2,712.5,3,3,3,333,Others
13417.0,5,2,640.83,5,3,3,533,Potential Loyalists
13418.0,12,18,6127.43,5,5,5,555,Champions
13419.0,64,1,221.06,3,2,1,321,Others
13420.0,150,2,159.85,2,3,1,231,At Risk
13421.0,41,2,1833.71,3,3,4,334,Others
13422.0,65,1,2626.3,3,2,5,325,Big Spenders
13425.0,109,3,1624.21,2,4,4,244,Loyal Customers
13426.0,1,10,3641.32,5,5,5,555,Champions
13427.0,20,3,582.6,4,4,2,442,Others
13428.0,11,1,201.78,5,2,1,521,Others
13429.0,11,4,1006.8,5,4,3,543,Loyal Customers
13430.0,19,2,679.45,4,3,3,433,Potential Loyalists
13431.0,68,2,1269.1,3,3,4,334,Others
13434.0,75,2,534.24,2,3,2,232,At Risk
13435.0,6,7,3809.89,5,5,5,555,Champions
13436.0,2,1,196.89,5,2,1,521,Others
13437.0,15,7,3408.06,4,5,5,455,Champions
13439.0,256,1,283.71,1,2,1,121,Others
13441.0,92,1,296.64,2,2,2,222,Others
13447.0,24,3,1129.14,4,4,4,444,Champions
13448.0,17,6,3534.69,4,5,5,455,Champions
13449.0,24,1,291.88,4,2,1,421,Others
13450.0,27,6,2043.72,4,5,4,454,Champions
13451.0,27,5,2898.26,4,4,5,445,Champions
13452.0,260,2,590.0,1,3,2,132,Others
13453.0,166,2,356.98,2,3,2,232,At Risk
13455.0,25,2,1058.34,4,3,3,433,Potential Loyalists
13456.0,18,6,1766.72,4,5,4,454,Champions
13458.0,8,14,9646.57,5,5,5,555,Champions
13460.0,30,2,183.44,4,3,1,431,Potential Loyalists
13461.0,39,3,1445.0,3,4,4,344,Loyal Customers
13462.0,253,1,151.5,1,2,1,121,Others
13464.0,59,1,674.68,3,2,3,323,Others
13466.0,185,1,307.9,1,2,2,122,Others
13467.0,11,2,1071.91,5,3,3,533,Potential Loyalists
13468.0,2,37,5704.97,5,5,5,555,Champions
13470.0,100,2,165.0,2,3,1,231,At Risk
13471.0,2,4,2501.84,5,4,4,544,Champions
13473.0,61,2,422.64,3,3,2,332,Others
13474.0,237,1,226.84,1,2,1,121,Others
13475.0,192,4,1431.78,1,4,4,144,Loyal Customers
13476.0,179,2,1238.47,1,3,4,134,Others
13477.0,38,6,1454.58,3,5,4,354,Loyal Customers
13479.0,201,2,300.95,1,3,2,132,Others
13481.0,46,5,1804.56,3,4,4,344,Loyal Customers
13482.0,233,1,184.64,1,2,1,121,Others
13483.0,66,1,140.34,3,2,1,321,Others
13484.0,242,1,313.8,1,2,2,122,Others
13485.0,234,1,454.24,1,2,2,122,Others
13486.0,79,3,1122.41,2,4,4,244,Loyal Customers
13487.0,58,3,575.4,3,4,2,342,Others
13488.0,18,13,8968.31,4,5,5,455,Champions
13489.0,106,4,449.52,2,4,2,242,At Risk
13491.0,52,10,1215.82,3,5,4,354,Loyal Customers
13492.0,137,3,1269.84,2,4,4,244,Loyal Customers
13493.0,276,2,618.63,1,3,3,133,Others
13494.0,312,1,316.26,1,2,2,122,Others
13495.0,8,5,2044.87,5,4,4,544,Champions
13496.0,11,2,653.33,5,3,3,533,Potential Loyalists
13497.0,283,2,348.05,1,3,2,132,Others
13499.0,18,5,1159.11,4,4,4,444,Champions
13500.0,24,3,1166.77,4,4,4,444,Champions
13501.0,289,1,1340.32,1,2,4,124,Others
13502.0,17,3,292.0,4,4,1,441,Others
13503.0,72,1,216.85,3,2,1,321,Others
13504.0,65,1,295.93,3,2,2,322,Others
13505.0,73,4,4393.63,3,4,5,345,Loyal Customers
13506.0,317,2,458.52,1,3,2,132,Others
13507.0,4,4,2479.16,5,4,4,544,Champions
13508.0,244,1,110.97,1,2,1,121,Others
13509.0,9,7,979.72,5,5,3,553,Loyal Customers
13510.0,2,4,1791.56,5,4,4,544,Champions
13512.0,261,1,251.21,1,2,1,121,Others
13513.0,127,1,205.1,2,2,1,221,Others
13514.0,74,1,152.2,2,2,1,221,Others
13515.0,73,4,891.12,3,4,3,343,Loyal Customers
13516.0,22,3,1389.41,4,4,4,444,Champions
13517.0,60,3,2128.42,3,4,4,344,Loyal Customers
13518.0,86,1,627.16,2,2,3,223,Others
13519.0,79,1,122.75,2,2,1,221,Others
13520.0,59,6,3624.35,3,5,5,355,Loyal Customers
13521.0,2,3,1071.73,5,4,3,543,Loyal Customers
13522.0,31,1,125.8,4,2,1,421,Others
13523.0,34,5,3964.88,3,4,5,345,Loyal Customers
13524.0,41,5,680.18,3,4,3,343,Loyal Customers
13525.0,15,2,628.78,4,3,3,433,Potential Loyalists
13527.0,34,7,2242.36,3,5,4,354,Loyal Customers
13529.0,79,2,307.76,2,3,2,232,At Risk
13531.0,206,2,483.8,1,3,2,132,Others
13532.0,34,1,210.31,3,2,1,321,Others
13533.0,183,3,269.09,1,4,1,141,Cannot Lose Them
13534.0,3,25,5870.08,5,5,5,555,Champions
13536.0,2,7,3444.39,5,5,5,555,Champions
13538.0,44,7,1280.85,3,5,4,354,Loyal Customers
13539.0,86,3,631.34,2,4,3,243,Loyal Customers
13544.0,40,2,276.06,3,3,1,331,Others
13546.0,13,3,621.09,5,4,3,543,Loyal Customers
13548.0,97,2,678.16,2,3,3,233,At Risk
13549.0,26,7,918.2,4,5,3,453,Loyal Customers
13551.0,320,1,91.8,1,2,1,121,Others
13552.0,67,12,3740.07,3,5,5,355,Loyal Customers
13555.0,74,4,4098.88,2,4,5,245,Loyal Customers
13557.0,29,2,584.06,4,3,2,432,Potential Loyalists
13558.0,6,4,594.52,5,4,3,543,Loyal Customers
13560.0,8,1,171.42,5,2,1,521,Others
13561.0,216,1,141.86,1,2,1,121,Others
13562.0,82,3,1799.33,2,4,4,244,Loyal Customers
13563.0,85,2,777.53,2,3,3,233,At Risk
13564.0,145,3,1724.67,2,4,4,244,Loyal Customers
13565.0,20,2,240.22,4,3,1,431,Potential Loyalists
13566.0,41,2,856.84,3,3,3,333,Others
13568.0,174,1,187.05,2,2,1,221,Others
13569.0,18,2,338.62,4,3,2,432,Potential Loyalists
13570.0,244,1,239.49,1,2,1,121,Others
13571.0,13,12,2088.94,5,5,4,554,Champions
13572.0,206,1,1384.25,1,2,4,124,Others
13573.0,51,2,290.25,3,3,1,331,Others
13575.0,24,5,732.07,4,4,3,443,Loyal Customers
13576.0,11,18,6717.34,5,5,5,555,Champions
13577.0,26,4,1687.6,4,4,4,444,Champions
13579.0,15,2,467.04,4,3,2,432,Potential Loyalists
13581.0,310,1,118.0,1,2,1,121,Others
13583.0,156,1,781.03,2,2,3,223,Others
13584.0,307,1,142.4,1,2,1,121,Others
13587.0,64,1,712.4,3,2,3,323,Others
13588.0,16,9,2478.95,4,5,4,454,Champions
13589.0,15,2,379.65,4,3,2,432,Potential Loyalists
13590.0,12,6,1981.92,5,5,4,554,Champions
13591.0,65,3,1117.13,3,4,4,344,Loyal Customers
13592.0,36,4,247.96,3,4,1,341,Others
13593.0,109,5,2011.88,2,4,4,244,Loyal Customers
13594.0,53,1,396.97,3,2,2,322,Others
13596.0,6,2,664.11,5,3,3,533,Potential Loyalists
13598.0,48,1,160.04,3,2,1,321,Others
13599.0,2,21,5149.92,5,5,5,555,Champions
13600.0,313,1,219.52,1,2,1,121,Others
13601.0,46,2,693.32,3,3,3,333,Others
13602.0,65,1,428.89,3,2,2,322,Others
13603.0,27,1,164.34,4,2,1,421,Others
13606.0,30,3,276.75,4,4,1,441,Others
13607.0,41,1,675.51,3,2,3,323,Others
13610.0,13,7,1082.33,5,5,3,553,Loyal Customers
13611.0,90,3,1154.4,2,4,4,244,Loyal Customers
13614.0,25,4,1585.46,4,4,4,444,Champions
13615.0,319,1,417.69,1,2,2,122,Others
13617.0,41,3,544.18,3,4,2,342,Others
13618.0,174,1,177.34,2,2,1,221,Others
13621.0,117,1,213.85,2,2,1,221,Others
13623.0,31,5,727.74,4,4,3,443,Loyal Customers
13626.0,253,1,257.23,1,2,1,121,Others
13627.0,60,5,1638.47,3,5,4,354,Loyal Customers
13629.0,24,11,7792.36,4,5,5,455,Champions
13630.0,6,7,2031.78,5,5,4,554,Champions
13631.0,100,11,3070.42,2,5,5,255,Loyal Customers
13632.0,25,5,2118.93,4,5,4,454,Champions
13634.0,34,5,1547.36,3,5,4,354,Loyal Customers
13635.0,68,1,1071.03,3,2,3,323,Others
13636.0,37,5,949.12,3,5,3,353,Loyal Customers
13637.0,53,3,804.3,3,4,3,343,Loyal Customers
13638.0,16,1,122.64,4,2,1,421,Others
13639.0,75,1,1033.34,2,2,3,223,Others
13642.0,216,1,312.28,1,2,2,122,Others
13643.0,32,3,519.44,4,4,2,442,Others
13644.0,17,4,2624.26,4,4,5,445,Champions
13645.0,121,1,252.1,2,2,1,221,Others
13647.0,10,4,1648.12,5,4,4,544,Champions
13649.0,257,2,346.6,1,3,2,132,Others
13650.0,17,6,1836.34,4,5,4,454,Champions
13651.0,36,2,94.2,3,3,1,331,Others
13652.0,46,3,1095.08,3,4,4,344,Loyal Customers
13654.0,44,6,2707.33,3,5,5,355,Loyal Customers
13655.0,115,2,932.97,2,3,3,233,At Risk
13656.0,165,2,379.65,2,3,2,232,At Risk
13657.0,11,2,382.14,5,3,2,532,Potential Loyalists
13658.0,10,5,2639.17,5,5,5,555,Champions
13659.0,206,2,1563.0,1,3,4,134,Others
13662.0,86,3,881.26,2,4,3,243,Loyal Customers
13663.0,180,1,189.47,1,2,1,121,Others
13666.0,61,3,84.65,3,4,1,341,Others
13667.0,150,1,299.05,2,2,2,222,Others
13668.0,3,21,6309.83,5,5,5,555,Champions
13669.0,51,2,218.55,3,3,1,331,Others
13670.0,76,1,349.7,2,2,2,222,Others
13672.0,302,2,186.39,1,3,1,131,Others
13673.0,19,2,387.44,4,3,2,432,Potential Loyalists
13675.0,152,2,486.82,2,3,2,232,At Risk
13678.0,152,1,232.6,2,2,1,221,Others
13680.0,2,4,3719.12,5,4,5,545,Champions
13681.0,18,4,827.83,4,4,3,443,Loyal Customers
13682.0,188,1,59.5,1,2,1,121,Others
13684.0,286,1,65.13,1,2,1,121,Others
13685.0,3,7,3119.44,5,5,5,555,Champions
13686.0,183,1,72.0,1,2,1,121,Others
13689.0,64,1,910.0,3,2,3,323,Others
13690.0,60,1,172.25,3,2,1,321,Others
13692.0,25,3,1488.32,4,4,4,444,Champions
13694.0,4,50,65039.62,5,5,5,555,Champions
13695.0,32,15,2504.13,4,5,4,454,Champions
13697.0,39,1,151.3,3,2,1,321,Others
13699.0,156,1,308.58,2,2,2,222,Others
